{
  "version": "whisperdrop.manifest.v1",
  "campaignId": "demo-campaign-001",
  "name": "Demo WhisperDrop",
  "description": "Example campaign manifest for Step 3a tooling",
  "startTimeIso": "2026-01-01T00:00:00Z",
  "endTimeIso": "2026-01-15T00:00:00Z",
  "snapshot": {
    "type": "slot",
    "value": 123456789,
    "network": "solana-devnet"
  },
  "rules": {
    "description": "Any wallet that performed the activity at least 3 times within the window",
    "scoring": "count(activity)>=3",
    "caps": {
      "perWalletMax": "500000000",
      "minEligibleScore": "3"
    }
  },
  "asset": {
    "mint": "So11111111111111111111111111111111111111112",
    "decimals": 9,
    "totalAmount": "1000000000"
  },
  "claim": {
    "expiresTimeIso": "2026-02-01T00:00:00Z",
    "mode": "memo-claim"
  },
  "tags": [
    "example",
    "step3a"
  ]
}
