{
  "campaignId": "demo-campaign-001",
  "name": "WhisperDrop Demo",
  "snapshot": {
    "slot": 123456789,
    "timestamp": "2026-01-21T00:00:00Z"
  },
  "rules": {
    "type": "activity-based",
    "description": "Credited for verifiable activity, not identity/status.",
    "window": {
      "from": "2026-01-01T00:00:00Z",
      "to": "2026-01-15T23:59:59Z"
    },
    "criteria": [
      {
        "kind": "swap_count",
        "min": 3,
        "program": "jupiter"
      }
    ]
  },
  "allocation": {
    "pool": "1000000",
    "unit": "TOKEN",
    "perUserCap": "5000"
  },
  "claim": {
    "expiry": "2026-02-21T00:00:00Z"
  }
}
